Segment,customers,revenue,revenue_share_%
Champions,1232,15263595.926,74.80533813474096
At Risk High-Value,538,2429658.605,11.907510810700428
New Customers,424,812864.7609999999,3.9837678879353993
Needs Attention,494,752810.363,3.6894473640792893
Potential Loyalists,286,443981.561,2.1759086755973076
Hibernating,692,293729.32,1.4395376560813924
Promising,410,223695.93,1.0963111028451202
Loyal High-Value,180,184084.27,0.9021783680201015
