Segment,ASSORTED COLOUR BIRD ORNAMENT,DOTCOM POSTAGE,JUMBO BAG RED RETROSPOT,MEDIUM CERAMIC TOP STORAGE JAR,Manual,PAPER CHAIN KIT 50'S CHRISTMAS,PARTY BUNTING,POSTAGE,REGENCY CAKESTAND 3 TIER,WHITE HANGING HEART T-LIGHT HOLDER
Champions,102997.19,322657.48,121091.49,3467.8,255030.94,96777.89,116214.15000000001,81822.68,280399.75,185934.01
At Risk High-Value,11913.9,0.0,19205.31,77524.53,26317.829999999998,11526.3,20124.75,4835.45,29839.3,39772.590000000004
New Customers,3494.5,0.0,1341.59,180.0,11540.500000000002,4786.900000000001,1850.0,15294.45,4994.25,4598.7
Needs Attention,3754.15,0.0,2100.06,45.0,27527.72,3540.75,2372.1,9104.55,7444.2,18098.5
Potential Loyalists,1957.02,0.0,2358.07,96.25,2030.54,1827.8500000000001,2863.1000000000004,6331.4400000000005,5973.9,6547.35
Hibernating,2155.22,0.0,1318.3700000000001,45.0,1841.1200000000001,594.6500000000001,2438.2000000000003,1732.0,3547.35,3943.5000000000005
Promising,2301.0299999999997,0.0,912.11,27.5,309.8,778.8000000000001,827.5500000000001,1405.85,2205.75,2600.15
Loyal High-Value,1499.03,0.0,554.84,17.5,372.14,1310.7,617.85,635.0,2367.75,1877.05
